{
  "id": "e18e32b8-66ca-42e1-8a43-59c7ded7c771",
  "prevId": "00000000-0000-0000-0000-000000000000",
  "version": "7",
  "dialect": "postgresql",
  "tables": {
    "public.document": {
      "name": "document",
      "schema": "",
      "columns": {
        "id": {
          "name": "id",
          "type": "serial",
          "primaryKey": true,
          "notNull": true
        },
        "document_id": {
          "name": "document_id",
          "type": "varchar",
          "primaryKey": false,
          "notNull": true
        },
        "user_id": {
          "name": "user_id",
          "type": "varchar",
          "primaryKey": false,
          "notNull": true
        },
        "title": {
          "name": "title",
          "type": "varchar(255)",
          "primaryKey": false,
          "notNull": true
        },
        "summary": {
          "name": "summary",
          "type": "text",
          "primaryKey": false,
          "notNull": false
        },
        "theme_color": {
          "name": "theme_color",
          "type": "varchar(255)",
          "primaryKey": false,
          "notNull": true,
          "default": "'#7c3aed'"
        },
        "thumbnail": {
          "name": "thumbnail",
          "type": "text",
          "primaryKey": false,
          "notNull": false
        },
        "current_position": {
          "name": "current_position",
          "type": "integer",
          "primaryKey": false,
          "notNull": true,
          "default": 1
        },
        "status": {
          "name": "status",
          "type": "status",
          "typeSchema": "public",
          "primaryKey": false,
          "notNull": true,
          "default": "'private'"
        },
        "author_name": {
          "name": "author_name",
          "type": "varchar(255)",
          "primaryKey": false,
          "notNull": true
        },
        "author_email": {
          "name": "author_email",
          "type": "varchar(255)",
          "primaryKey": false,
          "notNull": true
        },
        "created_at": {
          "name": "created_at",
          "type": "timestamp",
          "primaryKey": false,
          "notNull": true,
          "default": "now()"
        },
        "updated_at": {
          "name": "updated_at",
          "type": "timestamp",
          "primaryKey": false,
          "notNull": true,
          "default": "now()"
        }
      },
      "indexes": {},
      "foreignKeys": {},
      "compositePrimaryKeys": {},
      "uniqueConstraints": {
        "document_document_id_unique": {
          "name": "document_document_id_unique",
          "nullsNotDistinct": false,
          "columns": [
            "document_id"
          ]
        }
      }
    }
  },
  "enums": {
    "public.status": {
      "name": "status",
      "schema": "public",
      "values": [
        "archived",
        "private",
        "public"
      ]
    }
  },
  "schemas": {},
  "sequences": {},
  "_meta": {
    "columns": {},
    "schemas": {},
    "tables": {}
  }
}