{
  "id": "e71f558c-6c6a-48b1-9e30-fd5a2afeb14e",
  "prevId": "e18e32b8-66ca-42e1-8a43-59c7ded7c771",
  "version": "7",
  "dialect": "postgresql",
  "tables": {
    "public.document": {
      "name": "document",
      "schema": "",
      "columns": {
        "id": {
          "name": "id",
          "type": "serial",
          "primaryKey": true,
          "notNull": true
        },
        "document_id": {
          "name": "document_id",
          "type": "varchar",
          "primaryKey": false,
          "notNull": true
        },
        "user_id": {
          "name": "user_id",
          "type": "varchar",
          "primaryKey": false,
          "notNull": true
        },
        "title": {
          "name": "title",
          "type": "varchar(255)",
          "primaryKey": false,
          "notNull": true
        },
        "summary": {
          "name": "summary",
          "type": "text",
          "primaryKey": false,
          "notNull": false
        },
        "theme_color": {
          "name": "theme_color",
          "type": "varchar(255)",
          "primaryKey": false,
          "notNull": true,
          "default": "'#7c3aed'"
        },
        "thumbnail": {
          "name": "thumbnail",
          "type": "text",
          "primaryKey": false,
          "notNull": false
        },
        "current_position": {
          "name": "current_position",
          "type": "integer",
          "primaryKey": false,
          "notNull": true,
          "default": 1
        },
        "status": {
          "name": "status",
          "type": "status",
          "typeSchema": "public",
          "primaryKey": false,
          "notNull": true,
          "default": "'private'"
        },
        "author_name": {
          "name": "author_name",
          "type": "varchar(255)",
          "primaryKey": false,
          "notNull": true
        },
        "author_email": {
          "name": "author_email",
          "type": "varchar(255)",
          "primaryKey": false,
          "notNull": true
        },
        "created_at": {
          "name": "created_at",
          "type": "timestamp",
          "primaryKey": false,
          "notNull": true,
          "default": "now()"
        },
        "updated_at": {
          "name": "updated_at",
          "type": "timestamp",
          "primaryKey": false,
          "notNull": true,
          "default": "now()"
        }
      },
      "indexes": {},
      "foreignKeys": {},
      "compositePrimaryKeys": {},
      "uniqueConstraints": {
        "document_document_id_unique": {
          "name": "document_document_id_unique",
          "nullsNotDistinct": false,
          "columns": [
            "document_id"
          ]
        }
      }
    },
    "public.education": {
      "name": "education",
      "schema": "",
      "columns": {
        "id": {
          "name": "id",
          "type": "serial",
          "primaryKey": true,
          "notNull": true
        },
        "document_id": {
          "name": "document_id",
          "type": "integer",
          "primaryKey": false,
          "notNull": true
        },
        "university_name": {
          "name": "university_name",
          "type": "varchar(255)",
          "primaryKey": false,
          "notNull": false
        },
        "degree": {
          "name": "degree",
          "type": "varchar(255)",
          "primaryKey": false,
          "notNull": false
        },
        "major": {
          "name": "major",
          "type": "varchar(255)",
          "primaryKey": false,
          "notNull": false
        },
        "description": {
          "name": "description",
          "type": "text",
          "primaryKey": false,
          "notNull": false
        },
        "start_date": {
          "name": "start_date",
          "type": "date",
          "primaryKey": false,
          "notNull": false
        },
        "end_date": {
          "name": "end_date",
          "type": "date",
          "primaryKey": false,
          "notNull": false
        }
      },
      "indexes": {},
      "foreignKeys": {
        "education_document_id_document_id_fk": {
          "name": "education_document_id_document_id_fk",
          "tableFrom": "education",
          "tableTo": "document",
          "columnsFrom": [
            "document_id"
          ],
          "columnsTo": [
            "id"
          ],
          "onDelete": "cascade",
          "onUpdate": "no action"
        }
      },
      "compositePrimaryKeys": {},
      "uniqueConstraints": {}
    },
    "public.experience": {
      "name": "experience",
      "schema": "",
      "columns": {
        "id": {
          "name": "id",
          "type": "serial",
          "primaryKey": true,
          "notNull": true
        },
        "document_id": {
          "name": "document_id",
          "type": "integer",
          "primaryKey": false,
          "notNull": false
        },
        "title": {
          "name": "title",
          "type": "varchar(255)",
          "primaryKey": false,
          "notNull": false
        },
        "company_name": {
          "name": "company_name",
          "type": "varchar(255)",
          "primaryKey": false,
          "notNull": false
        },
        "city": {
          "name": "city",
          "type": "varchar(255)",
          "primaryKey": false,
          "notNull": false
        },
        "state": {
          "name": "state",
          "type": "varchar(255)",
          "primaryKey": false,
          "notNull": false
        },
        "currently_working": {
          "name": "currently_working",
          "type": "boolean",
          "primaryKey": false,
          "notNull": true,
          "default": false
        },
        "work_summary": {
          "name": "work_summary",
          "type": "text",
          "primaryKey": false,
          "notNull": false
        },
        "start_date": {
          "name": "start_date",
          "type": "date",
          "primaryKey": false,
          "notNull": false
        },
        "end_date": {
          "name": "end_date",
          "type": "date",
          "primaryKey": false,
          "notNull": false
        }
      },
      "indexes": {},
      "foreignKeys": {
        "experience_document_id_document_id_fk": {
          "name": "experience_document_id_document_id_fk",
          "tableFrom": "experience",
          "tableTo": "document",
          "columnsFrom": [
            "document_id"
          ],
          "columnsTo": [
            "id"
          ],
          "onDelete": "cascade",
          "onUpdate": "no action"
        }
      },
      "compositePrimaryKeys": {},
      "uniqueConstraints": {}
    },
    "public.personal_info": {
      "name": "personal_info",
      "schema": "",
      "columns": {
        "id": {
          "name": "id",
          "type": "serial",
          "primaryKey": true,
          "notNull": true
        },
        "document_id": {
          "name": "document_id",
          "type": "integer",
          "primaryKey": false,
          "notNull": false
        },
        "first_name": {
          "name": "first_name",
          "type": "varchar(255)",
          "primaryKey": false,
          "notNull": false
        },
        "last_name": {
          "name": "last_name",
          "type": "varchar(255)",
          "primaryKey": false,
          "notNull": false
        },
        "job_title": {
          "name": "job_title",
          "type": "varchar(255)",
          "primaryKey": false,
          "notNull": false
        },
        "address": {
          "name": "address",
          "type": "varchar(500)",
          "primaryKey": false,
          "notNull": false
        },
        "phone": {
          "name": "phone",
          "type": "varchar(50)",
          "primaryKey": false,
          "notNull": false
        },
        "email": {
          "name": "email",
          "type": "varchar(255)",
          "primaryKey": false,
          "notNull": false
        }
      },
      "indexes": {},
      "foreignKeys": {
        "personal_info_document_id_document_id_fk": {
          "name": "personal_info_document_id_document_id_fk",
          "tableFrom": "personal_info",
          "tableTo": "document",
          "columnsFrom": [
            "document_id"
          ],
          "columnsTo": [
            "id"
          ],
          "onDelete": "cascade",
          "onUpdate": "no action"
        }
      },
      "compositePrimaryKeys": {},
      "uniqueConstraints": {}
    },
    "public.skills": {
      "name": "skills",
      "schema": "",
      "columns": {
        "id": {
          "name": "id",
          "type": "serial",
          "primaryKey": true,
          "notNull": true
        },
        "document_id": {
          "name": "document_id",
          "type": "integer",
          "primaryKey": false,
          "notNull": true
        },
        "name": {
          "name": "name",
          "type": "varchar(255)",
          "primaryKey": false,
          "notNull": false
        },
        "rating": {
          "name": "rating",
          "type": "integer",
          "primaryKey": false,
          "notNull": true,
          "default": 0
        }
      },
      "indexes": {},
      "foreignKeys": {
        "skills_document_id_document_id_fk": {
          "name": "skills_document_id_document_id_fk",
          "tableFrom": "skills",
          "tableTo": "document",
          "columnsFrom": [
            "document_id"
          ],
          "columnsTo": [
            "id"
          ],
          "onDelete": "cascade",
          "onUpdate": "no action"
        }
      },
      "compositePrimaryKeys": {},
      "uniqueConstraints": {}
    }
  },
  "enums": {
    "public.status": {
      "name": "status",
      "schema": "public",
      "values": [
        "archived",
        "private",
        "public"
      ]
    }
  },
  "schemas": {},
  "sequences": {},
  "_meta": {
    "columns": {},
    "schemas": {},
    "tables": {}
  }
}